[{"model": "sluggers.agegroup", "pk": 1, "fields": {"age_group_desc": "Tee-ball", "age_group_start": "2013-05-01", "age_group_end": "2015-04-30"}}, {"model": "sluggers.agegroup", "pk": 2, "fields": {"age_group_desc": "Machine-Pitch", "age_group_start": "2011-05-01", "age_group_end": "2013-04-30"}}, {"model": "sluggers.agegroup", "pk": 3, "fields": {"age_group_desc": "Minors", "age_group_start": "2009-05-01", "age_group_end": "2011-04-20"}}, {"model": "sluggers.agegroup", "pk": 4, "fields": {"age_group_desc": "Majors", "age_group_start": "2006-01-05", "age_group_end": "2009-04-30"}}, {"model": "sluggers.agegroup", "pk": 5, "fields": {"age_group_desc": "Juniors", "age_group_start": "2005-01-05", "age_group_end": "2007-04-30"}}, {"model": "sluggers.agegroup", "pk": 6, "fields": {"age_group_desc": "Seniors", "age_group_start": "2003-01-05", "age_group_end": "2005-04-30"}}, {"model": "sluggers.coach", "pk": 1, "fields": {"coach_first": "John", "coach_last": "Smith", "coach_phone": 1324567, "coach_email": "johnsmith@gmail.com"}}, {"model": "sluggers.coach", "pk": 2, "fields": {"coach_first": "Rick", "coach_last": "Hunnicut", "coach_phone": 4561237, "coach_email": "rhunnicut@gmail.com"}}, {"model": "sluggers.coach", "pk": 3, "fields": {"coach_first": "Dave", "coach_last": "Roberts", "coach_phone": 1324567, "coach_email": "droberts@gmail.com"}}, {"model": "sluggers.emergencycontact", "pk": 1, "fields": {"contact_first": "Marianna", "contact_last": "Kershaw", "contact_number": 3334444, "contact_email": "kershaw@gmail.com"}}, {"model": "sluggers.emergencycontact", "pk": 2, "fields": {"contact_first": "Jennifer", "contact_last": "Bellinger", "contact_number": 2234556, "contact_email": "jennbell@gmail.com"}}, {"model": "sluggers.emergencycontact", "pk": 3, "fields": {"contact_first": "Katherine", "contact_last": "Schamberger", "contact_number": 4334455, "contact_email": "kscham@gmail.com"}}, {"model": "sluggers.emergencycontact", "pk": 4, "fields": {"contact_first": "Kathleen", "contact_last": "Swett", "contact_number": 2236789, "contact_email": "kswett@gmail.com"}}, {"model": "sluggers.emergencycontact", "pk": 5, "fields": {"contact_first": "CHRISTIN", "contact_last": "WINANS", "contact_number": 8150453, "contact_email": "nwinans15@gmail.com"}}, {"model": "sluggers.emergencycontact", "pk": 6, "fields": {"contact_first": "1", "contact_last": "1", "contact_number": 1111111, "contact_email": "a@a.com"}}, {"model": "sluggers.emergencycontact", "pk": 7, "fields": {"contact_first": "1", "contact_last": "1", "contact_number": 1111111, "contact_email": "a@a.com"}}, {"model": "sluggers.emergencycontact", "pk": 8, "fields": {"contact_first": "Christopher", "contact_last": "Winans", "contact_number": 9390374, "contact_email": "a@a.com"}}, {"model": "sluggers.emergencycontact", "pk": 9, "fields": {"contact_first": "NICHOLAS", "contact_last": "WINANS", "contact_number": 3727383, "contact_email": "markswinans@aol.com"}}, {"model": "sluggers.emergencycontact", "pk": 10, "fields": {"contact_first": "NICHOLAS", "contact_last": "WINANS", "contact_number": 2328372, "contact_email": "nw5zp@virginia.edu"}}, {"model": "sluggers.emergencycontact", "pk": 11, "fields": {"contact_first": "Mark and Christin", "contact_last": "WINANS", "contact_number": 8150453, "contact_email": "c@aol.com"}}, {"model": "sluggers.emergencycontact", "pk": 12, "fields": {"contact_first": "NICHOLAS", "contact_last": "WINANS", "contact_number": 2328372, "contact_email": "nw5zp@virginia.edu"}}, {"model": "sluggers.manager", "pk": 1, "fields": {"manager_first": "John", "manager_last": "News", "manager_phone": 1234567, "manager_email": "johnnews@gmail.com"}}, {"model": "sluggers.manager", "pk": 2, "fields": {"manager_first": "John", "manager_last": "Doe", "manager_phone": 7654321, "manager_email": "johndoe@gmail.com"}}, {"model": "sluggers.manager", "pk": 3, "fields": {"manager_first": "Bob", "manager_last": "Smith", "manager_phone": 2223333, "manager_email": "robertsmith@gmail.com"}}, {"model": "sluggers.team", "pk": 1, "fields": {"manager": 1, "coach": 1, "age_group": 4, "team_name": "Dodgers", "wins": 12, "losses": 0}}, {"model": "sluggers.team", "pk": 2, "fields": {"manager": 2, "coach": 2, "age_group": 4, "team_name": "Nationals", "wins": 6, "losses": 6}}, {"model": "sluggers.team", "pk": 3, "fields": {"manager": 3, "coach": 3, "age_group": 4, "team_name": "Yankees", "wins": 0, "losses": 12}}, {"model": "sluggers.team", "pk": 4, "fields": {"manager": 3, "coach": 3, "age_group": 4, "team_name": "Mets", "wins": 10, "losses": 2}}, {"model": "sluggers.team", "pk": 5, "fields": {"manager": 2, "coach": 2, "age_group": 4, "team_name": "Phillies", "wins": 10, "losses": 2}}, {"model": "sluggers.team", "pk": 6, "fields": {"manager": 1, "coach": 3, "age_group": 4, "team_name": "Cubs", "wins": 10, "losses": 2}}, {"model": "sluggers.team", "pk": 7, "fields": {"manager": 3, "coach": 2, "age_group": 4, "team_name": "Reds", "wins": 10, "losses": 2}}, {"model": "sluggers.staff", "pk": 1, "fields": {"coach": 1, "team": 1}}, {"model": "sluggers.staff", "pk": 2, "fields": {"coach": 2, "team": 2}}, {"model": "sluggers.staff", "pk": 2, "fields": {"coach": 2, "team": 5}}, {"model": "sluggers.staff", "pk": 2, "fields": {"coach": 3, "team": 7}}, {"model": "sluggers.staff", "pk": 3, "fields": {"coach": 1, "team": 6}}, {"model": "sluggers.staff", "pk": 3, "fields": {"coach": 3, "team": 3}}, {"model": "sluggers.staff", "pk": 3, "fields": {"coach": 3, "team": 4}}, {"model": "sluggers.player", "pk": 1, "fields": {"team": 1, "contact": 1, "number": 22, "first_name": "Clayton", "last_name": "Kershaw", "birth_date": "2008-03-19", "position": "Pitcher"}}, {"model": "sluggers.player", "pk": 2, "fields": {"team": 1, "contact": 2, "number": 35, "first_name": "Cody", "last_name": "Bellinger", "birth_date": "2008-07-13", "position": "1B, Outfield"}}, {"model": "sluggers.player", "pk": 3, "fields": {"team": 3, "contact": 3, "number": 3, "first_name": "Babe", "last_name": "Ruth", "birth_date": "2008-02-06", "position": "Outfield"}}, {"model": "sluggers.player", "pk": 4, "fields": {"team": 2, "contact": 4, "number": 37, "first_name": "Stephen", "last_name": "Strasburg", "birth_date": "2008-07-20", "position": "Pitcher"}}, {"model": "sluggers.player", "pk": 5, "fields": {"team": 4, "contact": 4, "number": 0, "first_name": "Leroy", "last_name": "Halliday", "birth_date": "2008-07-20", "position": "Pitcher"}}, {"model": "sluggers.player", "pk": 6, "fields": {"team": 4, "contact": 4, "number": 1, "first_name": "David", "last_name": "Jenkins", "birth_date": "2008-07-20", "position": "Pitcher"}}, {"model": "sluggers.player", "pk": 7, "fields": {"team": 4, "contact": 4, "number": 2, "first_name": "Lila", "last_name": "Mason", "birth_date": "2008-07-20", "position": "Pitcher"}}, {"model": "sluggers.player", "pk": 8, "fields": {"team": 4, "contact": 4, "number": 3, "first_name": "Rosie", "last_name": "Ellis", "birth_date": "2008-07-20", "position": "Pitcher"}}, {"model": "sluggers.player", "pk": 9, "fields": {"team": 4, "contact": 4, "number": 4, "first_name": "Christopher", "last_name": "Ahmann", "birth_date": "2008-07-20", "position": "Pitcher"}}, {"model": "sluggers.player", "pk": 10, "fields": {"team": 4, "contact": 4, "number": 5, "first_name": "Chad", "last_name": "Daniels", "birth_date": "2008-07-20", "position": "Pitcher"}}, {"model": "sluggers.player", "pk": 11, "fields": {"team": 4, "contact": 4, "number": 6, "first_name": "Lori", "last_name": "Hall", "birth_date": "2008-07-20", "position": "Pitcher"}}, {"model": "sluggers.player", "pk": 12, "fields": {"team": 4, "contact": 4, "number": 7, "first_name": "Doris", "last_name": "Stout", "birth_date": "2008-07-20", "position": "Pitcher"}}, {"model": "sluggers.player", "pk": 14, "fields": {"team": 5, "contact": 4, "number": 9, "first_name": "Ivy", "last_name": "Herzog", "birth_date": "2008-07-20", "position": "Pitcher"}}, {"model": "sluggers.player", "pk": 15, "fields": {"team": 5, "contact": 4, "number": 10, "first_name": "Raymond", "last_name": "Moore", "birth_date": "2008-07-20", "position": "Pitcher"}}, {"model": "sluggers.player", "pk": 16, "fields": {"team": 5, "contact": 4, "number": 11, "first_name": "Dan", "last_name": "Boyles", "birth_date": "2008-07-20", "position": "Pitcher"}}, {"model": "sluggers.player", "pk": 17, "fields": {"team": 5, "contact": 4, "number": 12, "first_name": "Jeffrey", "last_name": "Fitzwater", "birth_date": "2008-07-20", "position": "Pitcher"}}, {"model": "sluggers.player", "pk": 18, "fields": {"team": 5, "contact": 4, "number": 13, "first_name": "Robert", "last_name": "Smith", "birth_date": "2008-07-20", "position": "Pitcher"}}, {"model": "sluggers.player", "pk": 19, "fields": {"team": 5, "contact": 4, "number": 14, "first_name": "Mary", "last_name": "Stahl", "birth_date": "2008-07-20", "position": "Pitcher"}}, {"model": "sluggers.player", "pk": 20, "fields": {"team": 5, "contact": 4, "number": 15, "first_name": "Evelyn", "last_name": "Randall", "birth_date": "2008-07-20", "position": "Pitcher"}}, {"model": "sluggers.player", "pk": 21, "fields": {"team": 5, "contact": 4, "number": 16, "first_name": "Catherine", "last_name": "Barron", "birth_date": "2008-07-20", "position": "Pitcher"}}, {"model": "sluggers.player", "pk": 22, "fields": {"team": 5, "contact": 4, "number": 17, "first_name": "Joseph", "last_name": "Jackson", "birth_date": "2008-07-20", "position": "Pitcher"}}, {"model": "sluggers.player", "pk": 24, "fields": {"team": 6, "contact": 4, "number": 19, "first_name": "Howard", "last_name": "Young", "birth_date": "2008-07-20", "position": "Pitcher"}}, {"model": "sluggers.player", "pk": 25, "fields": {"team": 6, "contact": 4, "number": 20, "first_name": "Kathleen", "last_name": "Livoti", "birth_date": "2008-07-20", "position": "Pitcher"}}, {"model": "sluggers.player", "pk": 26, "fields": {"team": 6, "contact": 4, "number": 21, "first_name": "Jennifer", "last_name": "Johnson", "birth_date": "2008-07-20", "position": "Pitcher"}}, {"model": "sluggers.player", "pk": 27, "fields": {"team": 6, "contact": 4, "number": 22, "first_name": "Ashley", "last_name": "Walker", "birth_date": "2008-07-20", "position": "Pitcher"}}, {"model": "sluggers.player", "pk": 28, "fields": {"team": 6, "contact": 4, "number": 23, "first_name": "Elsie", "last_name": "Viator", "birth_date": "2008-07-20", "position": "Pitcher"}}, {"model": "sluggers.player", "pk": 29, "fields": {"team": 6, "contact": 4, "number": 24, "first_name": "Sally", "last_name": "Henry", "birth_date": "2008-07-20", "position": "Pitcher"}}, {"model": "sluggers.player", "pk": 30, "fields": {"team": 6, "contact": 4, "number": 25, "first_name": "Abel", "last_name": "Melena", "birth_date": "2008-07-20", "position": "Pitcher"}}, {"model": "sluggers.player", "pk": 32, "fields": {"team": 7, "contact": 4, "number": 27, "first_name": "Donna", "last_name": "Shin", "birth_date": "2008-07-20", "position": "Pitcher"}}, {"model": "sluggers.player", "pk": 33, "fields": {"team": 7, "contact": 4, "number": 28, "first_name": "Anthony", "last_name": "Midgley", "birth_date": "2008-07-20", "position": "Pitcher"}}, {"model": "sluggers.player", "pk": 34, "fields": {"team": 7, "contact": 4, "number": 29, "first_name": "Edward", "last_name": "Smith", "birth_date": "2008-07-20", "position": "Pitcher"}}, {"model": "sluggers.player", "pk": 35, "fields": {"team": 7, "contact": 4, "number": 30, "first_name": "Kenneth", "last_name": "Belle", "birth_date": "2008-07-20", "position": "Pitcher"}}, {"model": "sluggers.player", "pk": 36, "fields": {"team": 7, "contact": 4, "number": 31, "first_name": "Gabe", "last_name": "Scott", "birth_date": "2008-07-20", "position": "Pitcher"}}, {"model": "sluggers.player", "pk": 37, "fields": {"team": 7, "contact": 4, "number": 32, "first_name": "Erick", "last_name": "Beauchamp", "birth_date": "2008-07-20", "position": "Pitcher"}}, {"model": "sluggers.player", "pk": 38, "fields": {"team": 7, "contact": 4, "number": 33, "first_name": "Brandon", "last_name": "Barber", "birth_date": "2008-07-20", "position": "Pitcher"}}, {"model": "sluggers.pitchingstats", "pk": 1, "fields": {"hits_allowed": 3, "runs_allowed": 0, "earned_runs_allowed": 0, "innings_thrown": 6, "pitches_thrown": 70, "strikes_thrown": 55, "strike_outs": 8, "walks": 1}}, {"model": "sluggers.pitchingstats", "pk": 4, "fields": {"hits_allowed": 8, "runs_allowed": 7, "earned_runs_allowed": 6, "innings_thrown": 3, "pitches_thrown": 65, "strikes_thrown": 30, "strike_outs": 3, "walks": 4}}, {"model": "sluggers.pitchingstats", "pk": 5, "fields": {"hits_allowed": 9, "runs_allowed": 7, "earned_runs_allowed": 7, "innings_thrown": 8, "pitches_thrown": 90, "strikes_thrown": 19, "strike_outs": 6, "walks": 2}}, {"model": "sluggers.pitchingstats", "pk": 6, "fields": {"hits_allowed": 5, "runs_allowed": 6, "earned_runs_allowed": 3, "innings_thrown": 1, "pitches_thrown": 30, "strikes_thrown": 44, "strike_outs": 9, "walks": 8}}, {"model": "sluggers.pitchingstats", "pk": 7, "fields": {"hits_allowed": 3, "runs_allowed": 5, "earned_runs_allowed": 4, "innings_thrown": 9, "pitches_thrown": 33, "strikes_thrown": 20, "strike_outs": 4, "walks": 8}}, {"model": "sluggers.pitchingstats", "pk": 8, "fields": {"hits_allowed": 7, "runs_allowed": 4, "earned_runs_allowed": 8, "innings_thrown": 8, "pitches_thrown": 62, "strikes_thrown": 46, "strike_outs": 4, "walks": 5}}, {"model": "sluggers.pitchingstats", "pk": 9, "fields": {"hits_allowed": 3, "runs_allowed": 9, "earned_runs_allowed": 4, "innings_thrown": 6, "pitches_thrown": 33, "strikes_thrown": 50, "strike_outs": 0, "walks": 6}}, {"model": "sluggers.pitchingstats", "pk": 10, "fields": {"hits_allowed": 5, "runs_allowed": 9, "earned_runs_allowed": 8, "innings_thrown": 6, "pitches_thrown": 44, "strikes_thrown": 32, "strike_outs": 5, "walks": 1}}, {"model": "sluggers.pitchingstats", "pk": 11, "fields": {"hits_allowed": 3, "runs_allowed": 1, "earned_runs_allowed": 2, "innings_thrown": 0, "pitches_thrown": 56, "strikes_thrown": 30, "strike_outs": 6, "walks": 5}}, {"model": "sluggers.pitchingstats", "pk": 12, "fields": {"hits_allowed": 5, "runs_allowed": 4, "earned_runs_allowed": 9, "innings_thrown": 8, "pitches_thrown": 69, "strikes_thrown": 31, "strike_outs": 1, "walks": 7}}, {"model": "sluggers.pitchingstats", "pk": 14, "fields": {"hits_allowed": 2, "runs_allowed": 8, "earned_runs_allowed": 2, "innings_thrown": 1, "pitches_thrown": 52, "strikes_thrown": 27, "strike_outs": 0, "walks": 5}}, {"model": "sluggers.pitchingstats", "pk": 15, "fields": {"hits_allowed": 3, "runs_allowed": 1, "earned_runs_allowed": 7, "innings_thrown": 4, "pitches_thrown": 73, "strikes_thrown": 46, "strike_outs": 2, "walks": 0}}, {"model": "sluggers.pitchingstats", "pk": 16, "fields": {"hits_allowed": 1, "runs_allowed": 3, "earned_runs_allowed": 0, "innings_thrown": 6, "pitches_thrown": 43, "strikes_thrown": 22, "strike_outs": 1, "walks": 3}}, {"model": "sluggers.pitchingstats", "pk": 17, "fields": {"hits_allowed": 4, "runs_allowed": 7, "earned_runs_allowed": 3, "innings_thrown": 9, "pitches_thrown": 34, "strikes_thrown": 38, "strike_outs": 0, "walks": 6}}, {"model": "sluggers.pitchingstats", "pk": 18, "fields": {"hits_allowed": 6, "runs_allowed": 3, "earned_runs_allowed": 1, "innings_thrown": 3, "pitches_thrown": 50, "strikes_thrown": 34, "strike_outs": 4, "walks": 6}}, {"model": "sluggers.pitchingstats", "pk": 19, "fields": {"hits_allowed": 3, "runs_allowed": 4, "earned_runs_allowed": 9, "innings_thrown": 0, "pitches_thrown": 46, "strikes_thrown": 27, "strike_outs": 2, "walks": 9}}, {"model": "sluggers.pitchingstats", "pk": 20, "fields": {"hits_allowed": 8, "runs_allowed": 8, "earned_runs_allowed": 2, "innings_thrown": 7, "pitches_thrown": 45, "strikes_thrown": 37, "strike_outs": 8, "walks": 9}}, {"model": "sluggers.pitchingstats", "pk": 21, "fields": {"hits_allowed": 3, "runs_allowed": 3, "earned_runs_allowed": 7, "innings_thrown": 0, "pitches_thrown": 77, "strikes_thrown": 15, "strike_outs": 9, "walks": 1}}, {"model": "sluggers.pitchingstats", "pk": 22, "fields": {"hits_allowed": 0, "runs_allowed": 8, "earned_runs_allowed": 0, "innings_thrown": 4, "pitches_thrown": 67, "strikes_thrown": 33, "strike_outs": 0, "walks": 0}}, {"model": "sluggers.pitchingstats", "pk": 24, "fields": {"hits_allowed": 0, "runs_allowed": 2, "earned_runs_allowed": 5, "innings_thrown": 3, "pitches_thrown": 72, "strikes_thrown": 28, "strike_outs": 2, "walks": 4}}, {"model": "sluggers.pitchingstats", "pk": 25, "fields": {"hits_allowed": 7, "runs_allowed": 0, "earned_runs_allowed": 6, "innings_thrown": 1, "pitches_thrown": 84, "strikes_thrown": 44, "strike_outs": 8, "walks": 4}}, {"model": "sluggers.pitchingstats", "pk": 26, "fields": {"hits_allowed": 9, "runs_allowed": 7, "earned_runs_allowed": 3, "innings_thrown": 3, "pitches_thrown": 86, "strikes_thrown": 25, "strike_outs": 6, "walks": 1}}, {"model": "sluggers.pitchingstats", "pk": 27, "fields": {"hits_allowed": 8, "runs_allowed": 3, "earned_runs_allowed": 0, "innings_thrown": 9, "pitches_thrown": 51, "strikes_thrown": 40, "strike_outs": 0, "walks": 5}}, {"model": "sluggers.pitchingstats", "pk": 28, "fields": {"hits_allowed": 2, "runs_allowed": 9, "earned_runs_allowed": 5, "innings_thrown": 1, "pitches_thrown": 53, "strikes_thrown": 36, "strike_outs": 1, "walks": 0}}, {"model": "sluggers.pitchingstats", "pk": 29, "fields": {"hits_allowed": 0, "runs_allowed": 5, "earned_runs_allowed": 8, "innings_thrown": 3, "pitches_thrown": 53, "strikes_thrown": 46, "strike_outs": 6, "walks": 0}}, {"model": "sluggers.pitchingstats", "pk": 30, "fields": {"hits_allowed": 4, "runs_allowed": 9, "earned_runs_allowed": 3, "innings_thrown": 7, "pitches_thrown": 84, "strikes_thrown": 40, "strike_outs": 1, "walks": 0}}, {"model": "sluggers.pitchingstats", "pk": 32, "fields": {"hits_allowed": 1, "runs_allowed": 5, "earned_runs_allowed": 9, "innings_thrown": 2, "pitches_thrown": 73, "strikes_thrown": 45, "strike_outs": 1, "walks": 2}}, {"model": "sluggers.pitchingstats", "pk": 33, "fields": {"hits_allowed": 8, "runs_allowed": 7, "earned_runs_allowed": 1, "innings_thrown": 2, "pitches_thrown": 70, "strikes_thrown": 31, "strike_outs": 6, "walks": 3}}, {"model": "sluggers.pitchingstats", "pk": 34, "fields": {"hits_allowed": 4, "runs_allowed": 2, "earned_runs_allowed": 6, "innings_thrown": 8, "pitches_thrown": 46, "strikes_thrown": 25, "strike_outs": 3, "walks": 5}}, {"model": "sluggers.pitchingstats", "pk": 35, "fields": {"hits_allowed": 1, "runs_allowed": 7, "earned_runs_allowed": 1, "innings_thrown": 2, "pitches_thrown": 46, "strikes_thrown": 48, "strike_outs": 2, "walks": 8}}, {"model": "sluggers.pitchingstats", "pk": 36, "fields": {"hits_allowed": 5, "runs_allowed": 1, "earned_runs_allowed": 2, "innings_thrown": 1, "pitches_thrown": 83, "strikes_thrown": 15, "strike_outs": 7, "walks": 5}}, {"model": "sluggers.pitchingstats", "pk": 37, "fields": {"hits_allowed": 4, "runs_allowed": 1, "earned_runs_allowed": 5, "innings_thrown": 0, "pitches_thrown": 46, "strikes_thrown": 28, "strike_outs": 8, "walks": 9}}, {"model": "sluggers.pitchingstats", "pk": 38, "fields": {"hits_allowed": 2, "runs_allowed": 5, "earned_runs_allowed": 7, "innings_thrown": 3, "pitches_thrown": 48, "strikes_thrown": 37, "strike_outs": 3, "walks": 7}}, {"model": "sluggers.fieldingstats", "pk": 2, "fields": {"errors": 0, "putouts": 6, "assists": 1, "total_chances": 7}}, {"model": "sluggers.fieldingstats", "pk": 3, "fields": {"errors": 1, "putouts": 5, "assists": 0, "total_chances": 6}}, {"model": "sluggers.fieldingstats", "pk": 5, "fields": {"errors": 2, "putouts": 2, "assists": 2, "total_chances": 6}}, {"model": "sluggers.fieldingstats", "pk": 6, "fields": {"errors": 7, "putouts": 5, "assists": 0, "total_chances": 0}}, {"model": "sluggers.fieldingstats", "pk": 7, "fields": {"errors": 8, "putouts": 3, "assists": 5, "total_chances": 0}}, {"model": "sluggers.fieldingstats", "pk": 8, "fields": {"errors": 7, "putouts": 7, "assists": 6, "total_chances": 6}}, {"model": "sluggers.fieldingstats", "pk": 9, "fields": {"errors": 8, "putouts": 3, "assists": 9, "total_chances": 7}}, {"model": "sluggers.fieldingstats", "pk": 10, "fields": {"errors": 6, "putouts": 1, "assists": 6, "total_chances": 6}}, {"model": "sluggers.fieldingstats", "pk": 11, "fields": {"errors": 7, "putouts": 5, "assists": 4, "total_chances": 0}}, {"model": "sluggers.fieldingstats", "pk": 12, "fields": {"errors": 0, "putouts": 3, "assists": 0, "total_chances": 0}}, {"model": "sluggers.fieldingstats", "pk": 14, "fields": {"errors": 0, "putouts": 0, "assists": 4, "total_chances": 8}}, {"model": "sluggers.fieldingstats", "pk": 15, "fields": {"errors": 2, "putouts": 2, "assists": 6, "total_chances": 0}}, {"model": "sluggers.fieldingstats", "pk": 16, "fields": {"errors": 0, "putouts": 3, "assists": 9, "total_chances": 7}}, {"model": "sluggers.fieldingstats", "pk": 17, "fields": {"errors": 4, "putouts": 4, "assists": 5, "total_chances": 4}}, {"model": "sluggers.fieldingstats", "pk": 18, "fields": {"errors": 7, "putouts": 1, "assists": 4, "total_chances": 7}}, {"model": "sluggers.fieldingstats", "pk": 19, "fields": {"errors": 5, "putouts": 9, "assists": 6, "total_chances": 6}}, {"model": "sluggers.fieldingstats", "pk": 20, "fields": {"errors": 1, "putouts": 1, "assists": 3, "total_chances": 1}}, {"model": "sluggers.fieldingstats", "pk": 21, "fields": {"errors": 6, "putouts": 1, "assists": 9, "total_chances": 4}}, {"model": "sluggers.fieldingstats", "pk": 22, "fields": {"errors": 8, "putouts": 9, "assists": 5, "total_chances": 7}}, {"model": "sluggers.fieldingstats", "pk": 24, "fields": {"errors": 4, "putouts": 5, "assists": 2, "total_chances": 5}}, {"model": "sluggers.fieldingstats", "pk": 25, "fields": {"errors": 3, "putouts": 0, "assists": 2, "total_chances": 3}}, {"model": "sluggers.fieldingstats", "pk": 26, "fields": {"errors": 9, "putouts": 2, "assists": 0, "total_chances": 1}}, {"model": "sluggers.fieldingstats", "pk": 27, "fields": {"errors": 1, "putouts": 4, "assists": 7, "total_chances": 4}}, {"model": "sluggers.fieldingstats", "pk": 28, "fields": {"errors": 9, "putouts": 2, "assists": 7, "total_chances": 3}}, {"model": "sluggers.fieldingstats", "pk": 29, "fields": {"errors": 6, "putouts": 9, "assists": 4, "total_chances": 7}}, {"model": "sluggers.fieldingstats", "pk": 30, "fields": {"errors": 9, "putouts": 4, "assists": 0, "total_chances": 4}}, {"model": "sluggers.fieldingstats", "pk": 32, "fields": {"errors": 9, "putouts": 4, "assists": 7, "total_chances": 0}}, {"model": "sluggers.fieldingstats", "pk": 33, "fields": {"errors": 1, "putouts": 9, "assists": 6, "total_chances": 9}}, {"model": "sluggers.fieldingstats", "pk": 34, "fields": {"errors": 2, "putouts": 9, "assists": 2, "total_chances": 6}}, {"model": "sluggers.fieldingstats", "pk": 35, "fields": {"errors": 7, "putouts": 5, "assists": 5, "total_chances": 1}}, {"model": "sluggers.fieldingstats", "pk": 36, "fields": {"errors": 1, "putouts": 7, "assists": 2, "total_chances": 8}}, {"model": "sluggers.fieldingstats", "pk": 37, "fields": {"errors": 7, "putouts": 4, "assists": 4, "total_chances": 4}}, {"model": "sluggers.fieldingstats", "pk": 38, "fields": {"errors": 2, "putouts": 8, "assists": 0, "total_chances": 0}}, {"model": "sluggers.battingstats", "pk": 2, "fields": {"plate_appearances": 3, "at_bats": 2, "sacrifices": 3, "hits": 2, "rbi": 1, "home_runs": 0, "singles": 1, "doubles": 1, "triples": 0, "steals": 2, "walks": 1, "hit_by_pitch": 0}}, {"model": "sluggers.battingstats", "pk": 3, "fields": {"plate_appearances": 4, "at_bats": 4, "sacrifices": 4, "hits": 4, "rbi": 6, "home_runs": 2, "singles": 0, "doubles": 2, "triples": 0, "steals": 0, "walks": 0, "hit_by_pitch": 0}}, {"model": "sluggers.battingstats", "pk": 5, "fields": {"plate_appearances": 8, "at_bats": 1, "sacrifices": 1, "hits": 2, "rbi": 4, "home_runs": 0, "singles": 1, "doubles": 4, "triples": 4, "steals": 3, "walks": 5, "hit_by_pitch": 3}}, {"model": "sluggers.battingstats", "pk": 6, "fields": {"plate_appearances": 5, "at_bats": 0, "sacrifices": 5, "hits": 4, "rbi": 5, "home_runs": 0, "singles": 4, "doubles": 5, "triples": 2, "steals": 3, "walks": 5, "hit_by_pitch": 5}}, {"model": "sluggers.battingstats", "pk": 7, "fields": {"plate_appearances": 3, "at_bats": 4, "sacrifices": 1, "hits": 5, "rbi": 2, "home_runs": 5, "singles": 5, "doubles": 3, "triples": 3, "steals": 3, "walks": 4, "hit_by_pitch": 3}}, {"model": "sluggers.battingstats", "pk": 8, "fields": {"plate_appearances": 8, "at_bats": 4, "sacrifices": 3, "hits": 2, "rbi": 1, "home_runs": 0, "singles": 5, "doubles": 2, "triples": 1, "steals": 1, "walks": 5, "hit_by_pitch": 1}}, {"model": "sluggers.battingstats", "pk": 9, "fields": {"plate_appearances": 2, "at_bats": 4, "sacrifices": 5, "hits": 5, "rbi": 0, "home_runs": 3, "singles": 1, "doubles": 2, "triples": 4, "steals": 0, "walks": 0, "hit_by_pitch": 3}}, {"model": "sluggers.battingstats", "pk": 10, "fields": {"plate_appearances": 0, "at_bats": 1, "sacrifices": 0, "hits": 4, "rbi": 0, "home_runs": 3, "singles": 5, "doubles": 3, "triples": 1, "steals": 0, "walks": 1, "hit_by_pitch": 1}}, {"model": "sluggers.battingstats", "pk": 11, "fields": {"plate_appearances": 8, "at_bats": 0, "sacrifices": 1, "hits": 0, "rbi": 2, "home_runs": 0, "singles": 3, "doubles": 1, "triples": 1, "steals": 1, "walks": 2, "hit_by_pitch": 4}}, {"model": "sluggers.battingstats", "pk": 12, "fields": {"plate_appearances": 1, "at_bats": 2, "sacrifices": 3, "hits": 0, "rbi": 0, "home_runs": 5, "singles": 0, "doubles": 0, "triples": 3, "steals": 5, "walks": 0, "hit_by_pitch": 4}}, {"model": "sluggers.battingstats", "pk": 14, "fields": {"plate_appearances": 4, "at_bats": 3, "sacrifices": 2, "hits": 5, "rbi": 1, "home_runs": 0, "singles": 4, "doubles": 2, "triples": 2, "steals": 4, "walks": 1, "hit_by_pitch": 1}}, {"model": "sluggers.battingstats", "pk": 15, "fields": {"plate_appearances": 3, "at_bats": 0, "sacrifices": 4, "hits": 0, "rbi": 2, "home_runs": 2, "singles": 5, "doubles": 0, "triples": 2, "steals": 0, "walks": 4, "hit_by_pitch": 0}}, {"model": "sluggers.battingstats", "pk": 16, "fields": {"plate_appearances": 8, "at_bats": 4, "sacrifices": 2, "hits": 1, "rbi": 5, "home_runs": 4, "singles": 4, "doubles": 5, "triples": 5, "steals": 5, "walks": 3, "hit_by_pitch": 4}}, {"model": "sluggers.battingstats", "pk": 17, "fields": {"plate_appearances": 2, "at_bats": 2, "sacrifices": 5, "hits": 5, "rbi": 0, "home_runs": 0, "singles": 3, "doubles": 4, "triples": 0, "steals": 3, "walks": 5, "hit_by_pitch": 5}}, {"model": "sluggers.battingstats", "pk": 18, "fields": {"plate_appearances": 8, "at_bats": 3, "sacrifices": 4, "hits": 0, "rbi": 5, "home_runs": 0, "singles": 2, "doubles": 3, "triples": 4, "steals": 5, "walks": 1, "hit_by_pitch": 0}}, {"model": "sluggers.battingstats", "pk": 19, "fields": {"plate_appearances": 2, "at_bats": 3, "sacrifices": 0, "hits": 1, "rbi": 0, "home_runs": 5, "singles": 0, "doubles": 0, "triples": 0, "steals": 1, "walks": 0, "hit_by_pitch": 1}}, {"model": "sluggers.battingstats", "pk": 20, "fields": {"plate_appearances": 5, "at_bats": 1, "sacrifices": 0, "hits": 3, "rbi": 0, "home_runs": 4, "singles": 1, "doubles": 2, "triples": 0, "steals": 1, "walks": 4, "hit_by_pitch": 1}}, {"model": "sluggers.battingstats", "pk": 21, "fields": {"plate_appearances": 2, "at_bats": 1, "sacrifices": 0, "hits": 3, "rbi": 4, "home_runs": 0, "singles": 1, "doubles": 2, "triples": 5, "steals": 4, "walks": 2, "hit_by_pitch": 3}}, {"model": "sluggers.battingstats", "pk": 22, "fields": {"plate_appearances": 9, "at_bats": 1, "sacrifices": 4, "hits": 3, "rbi": 1, "home_runs": 4, "singles": 1, "doubles": 4, "triples": 1, "steals": 3, "walks": 4, "hit_by_pitch": 2}}, {"model": "sluggers.battingstats", "pk": 24, "fields": {"plate_appearances": 6, "at_bats": 3, "sacrifices": 2, "hits": 1, "rbi": 3, "home_runs": 2, "singles": 5, "doubles": 2, "triples": 4, "steals": 3, "walks": 0, "hit_by_pitch": 0}}, {"model": "sluggers.battingstats", "pk": 25, "fields": {"plate_appearances": 0, "at_bats": 2, "sacrifices": 4, "hits": 0, "rbi": 5, "home_runs": 2, "singles": 0, "doubles": 1, "triples": 5, "steals": 5, "walks": 4, "hit_by_pitch": 0}}, {"model": "sluggers.battingstats", "pk": 26, "fields": {"plate_appearances": 9, "at_bats": 0, "sacrifices": 1, "hits": 0, "rbi": 0, "home_runs": 2, "singles": 3, "doubles": 1, "triples": 3, "steals": 5, "walks": 2, "hit_by_pitch": 5}}, {"model": "sluggers.battingstats", "pk": 27, "fields": {"plate_appearances": 1, "at_bats": 4, "sacrifices": 5, "hits": 2, "rbi": 3, "home_runs": 2, "singles": 1, "doubles": 4, "triples": 1, "steals": 0, "walks": 3, "hit_by_pitch": 0}}, {"model": "sluggers.battingstats", "pk": 28, "fields": {"plate_appearances": 0, "at_bats": 2, "sacrifices": 5, "hits": 2, "rbi": 1, "home_runs": 0, "singles": 2, "doubles": 4, "triples": 3, "steals": 0, "walks": 1, "hit_by_pitch": 0}}, {"model": "sluggers.battingstats", "pk": 29, "fields": {"plate_appearances": 0, "at_bats": 2, "sacrifices": 3, "hits": 2, "rbi": 1, "home_runs": 5, "singles": 3, "doubles": 1, "triples": 1, "steals": 1, "walks": 4, "hit_by_pitch": 5}}, {"model": "sluggers.battingstats", "pk": 30, "fields": {"plate_appearances": 0, "at_bats": 1, "sacrifices": 1, "hits": 5, "rbi": 2, "home_runs": 1, "singles": 3, "doubles": 2, "triples": 1, "steals": 3, "walks": 4, "hit_by_pitch": 5}}, {"model": "sluggers.battingstats", "pk": 32, "fields": {"plate_appearances": 7, "at_bats": 1, "sacrifices": 4, "hits": 2, "rbi": 1, "home_runs": 4, "singles": 4, "doubles": 5, "triples": 1, "steals": 3, "walks": 3, "hit_by_pitch": 1}}, {"model": "sluggers.battingstats", "pk": 33, "fields": {"plate_appearances": 2, "at_bats": 5, "sacrifices": 2, "hits": 1, "rbi": 5, "home_runs": 5, "singles": 0, "doubles": 1, "triples": 3, "steals": 5, "walks": 5, "hit_by_pitch": 5}}, {"model": "sluggers.battingstats", "pk": 34, "fields": {"plate_appearances": 5, "at_bats": 2, "sacrifices": 3, "hits": 1, "rbi": 4, "home_runs": 2, "singles": 1, "doubles": 0, "triples": 4, "steals": 4, "walks": 1, "hit_by_pitch": 4}}, {"model": "sluggers.battingstats", "pk": 35, "fields": {"plate_appearances": 9, "at_bats": 1, "sacrifices": 1, "hits": 1, "rbi": 5, "home_runs": 2, "singles": 2, "doubles": 2, "triples": 4, "steals": 0, "walks": 0, "hit_by_pitch": 3}}, {"model": "sluggers.battingstats", "pk": 36, "fields": {"plate_appearances": 1, "at_bats": 0, "sacrifices": 0, "hits": 4, "rbi": 0, "home_runs": 0, "singles": 4, "doubles": 2, "triples": 2, "steals": 4, "walks": 2, "hit_by_pitch": 4}}, {"model": "sluggers.battingstats", "pk": 37, "fields": {"plate_appearances": 5, "at_bats": 2, "sacrifices": 4, "hits": 5, "rbi": 5, "home_runs": 1, "singles": 0, "doubles": 3, "triples": 5, "steals": 2, "walks": 0, "hit_by_pitch": 5}}, {"model": "sluggers.battingstats", "pk": 38, "fields": {"plate_appearances": 2, "at_bats": 4, "sacrifices": 3, "hits": 2, "rbi": 2, "home_runs": 2, "singles": 3, "doubles": 4, "triples": 5, "steals": 2, "walks": 5, "hit_by_pitch": 1}}, {"model": "sluggers.match", "pk": 1, "fields": {"home_team": 1, "away_team": 2, "match_date": "2020-05-20"}}, {"model": "sluggers.match", "pk": 3, "fields": {"home_team": 1, "away_team": 3, "match_date": "2018-06-08"}}, {"model": "sluggers.match", "pk": 4, "fields": {"home_team": 2, "away_team": 1, "match_date": "2020-11-11"}}, {"model": "sluggers.inning", "pk": 1, "fields": {"match": 3, "home_hits": 1, "home_runs": 1, "home_errors": 1, "away_hits": 1, "away_runs": 1, "away_errors": 1}}, {"model": "sluggers.inning", "pk": 2, "fields": {"match": 1, "home_hits": 2, "home_runs": 1, "home_errors": 3, "away_hits": 5, "away_runs": 4, "away_errors": 6}}, {"model": "sluggers.inning", "pk": 3, "fields": {"match": 1, "home_hits": 3, "home_runs": 3, "home_errors": 3, "away_hits": 3, "away_runs": 3, "away_errors": 3}}]